"","Sample_ID","Diameter","Circ","PMCW","CW","OM_Present","Strain","Identifier","Carbon_Source","Analysis_Level","Gram","Isolated_From","Genus","Species","Family","Order","Class","Phylum","Kingdom","Domain"
"1","180628-1",-1.07831092872994,-2.02990192003113,-0.737431699533181,-0.515796225393506,0,"Acetivibrio_thermocellus_LQ8_Clostridium_thermocellum","DSM_1313","MCC","Intermediate","positive","Environmental","Acetivibrio","Acetivibrio_thermocellus","Oscillospiraceae","Eubacteriales","Clostridia","Firmicutes","Terrabacteria group","Bacteria"
"2","180628-1",-1.03708496344216,-1.7952777547074,-0.239540829630808,-0.422729544789224,0,"Acetivibrio_thermocellus_LQ8_Clostridium_thermocellum","DSM_1313","MCC","Intermediate","positive","Environmental","Acetivibrio","Acetivibrio_thermocellus","Oscillospiraceae","Eubacteriales","Clostridia","Firmicutes","Terrabacteria group","Bacteria"
"3","180628-1",-1.1401498766616,-1.66730093725809,-0.986377134484367,-0.608862905997787,0,"Acetivibrio_thermocellus_LQ8_Clostridium_thermocellum","DSM_1313","MCC","Intermediate","positive","Environmental","Acetivibrio","Acetivibrio_thermocellus","Oscillospiraceae","Eubacteriales","Clostridia","Firmicutes","Terrabacteria group","Bacteria"
"4","180628-1",-1.15560961364452,-1.08607289134248,0.0094046053203783,-0.14352950297638,0,"Acetivibrio_thermocellus_LQ8_Clostridium_thermocellum","DSM_1313","MCC","Intermediate","positive","Environmental","Acetivibrio","Acetivibrio_thermocellus","Oscillospiraceae","Eubacteriales","Clostridia","Firmicutes","Terrabacteria group","Bacteria"
"5","180628-1",-1.04223820910313,-1.54998885459622,-0.861904417008774,-0.0504628223720991,0,"Acetivibrio_thermocellus_LQ8_Clostridium_thermocellum","DSM_1313","MCC","Intermediate","positive","Environmental","Acetivibrio","Acetivibrio_thermocellus","Oscillospiraceae","Eubacteriales","Clostridia","Firmicutes","Terrabacteria group","Bacteria"
"6","200120-1",-1.09892391137383,-0.899440032562244,-1.11084985195996,-0.701929586602068,0,"Acetivibrio_thermocellus_LQ8_Clostridium_thermocellum","DSM_1313","Cellobiose","Intermediate","positive","Environmental","Acetivibrio","Acetivibrio_thermocellus","Oscillospiraceae","Eubacteriales","Clostridia","Firmicutes","Terrabacteria group","Bacteria"
"7","200120-1",-1.31020698347369,-0.872778195593638,-1.11084985195996,-0.608862905997787,0,"Acetivibrio_thermocellus_LQ8_Clostridium_thermocellum","DSM_1313","Cellobiose","Intermediate","positive","Environmental","Acetivibrio","Acetivibrio_thermocellus","Oscillospiraceae","Eubacteriales","Clostridia","Firmicutes","Terrabacteria group","Bacteria"
"8","200120-1",-0.954633032866602,-0.766130847719215,-0.737431699533181,-0.701929586602068,0,"Acetivibrio_thermocellus_LQ8_Clostridium_thermocellum","DSM_1313","Cellobiose","Intermediate","positive","Environmental","Acetivibrio","Acetivibrio_thermocellus","Oscillospiraceae","Eubacteriales","Clostridia","Firmicutes","Terrabacteria group","Bacteria"
"9","200120-1",-1.52149005557355,-1.17672313703574,-0.986377134484367,-0.608862905997787,0,"Acetivibrio_thermocellus_LQ8_Clostridium_thermocellum","DSM_1313","Cellobiose","Intermediate","positive","Environmental","Acetivibrio","Acetivibrio_thermocellus","Oscillospiraceae","Eubacteriales","Clostridia","Firmicutes","Terrabacteria group","Bacteria"
"10","200120-1",-1.24321478988105,-1.02208448261783,-0.737431699533181,-0.515796225393506,0,"Acetivibrio_thermocellus_LQ8_Clostridium_thermocellum","DSM_1313","Cellobiose","Intermediate","positive","Environmental","Acetivibrio","Acetivibrio_thermocellus","Oscillospiraceae","Eubacteriales","Clostridia","Firmicutes","Terrabacteria group","Bacteria"
"11","200312-2",1.34371453192703,-0.467518273670831,0.0094046053203783,-0.515796225393506,1,"Prevotella_bryantii_B14","DSM_11371","Glucose","Intermediate","negative","Cow","Prevotella","Prevotella_bryantii","Bacteroidales","Bacteroidia","Bacteroidetes","Bacteroidetes/Chlorobi group","FCB group","Bacteria"
"12","200312-2",1.61683655195856,0.145703976607101,-0.239540829630808,-0.0504628223720991,1,"Prevotella_bryantii_B14","DSM_11371","Glucose","Intermediate","negative","Cow","Prevotella","Prevotella_bryantii","Bacteroidales","Bacteroidia","Bacteroidetes","Bacteroidetes/Chlorobi group","FCB group","Bacteria"
"13","200312-2",1.11181847718328,-0.056925984354303,-0.488486264581995,-0.329662864184943,1,"Prevotella_bryantii_B14","DSM_11371","Glucose","Intermediate","negative","Cow","Prevotella","Prevotella_bryantii","Bacteroidales","Bacteroidia","Bacteroidetes","Bacteroidetes/Chlorobi group","FCB group","Bacteria"
"14","200312-2",1.18396391643689,-0.0515936169605819,-0.364013547106401,-0.0504628223720991,1,"Prevotella_bryantii_B14","DSM_11371","Glucose","Intermediate","negative","Cow","Prevotella","Prevotella_bryantii","Bacteroidales","Bacteroidia","Bacteroidetes","Bacteroidetes/Chlorobi group","FCB group","Bacteria"
"15","200312-2",1.33856128626606,0.0977126700636103,-0.488486264581995,-0.422729544789224,1,"Prevotella_bryantii_B14","DSM_11371","Glucose","Intermediate","negative","Cow","Prevotella","Prevotella_bryantii","Bacteroidales","Bacteroidia","Bacteroidetes","Bacteroidetes/Chlorobi group","FCB group","Bacteria"
"16","200602-1",2.78662331699927,0.0977126700636103,0.133877322795972,0.973270664274995,0,"Anaerobutyricum_hallii","DSM_3353","Glucose","Intermediate","positive","Human","Anaerobutyricum","Anaerobutyricum_hallii","Lachnospiraceae","Eubacteriales","Clostridia","Firmicutes","Terrabacteria group","Bacteria"
"17","200602-1",2.86907524757483,-0.350206191008966,0.0094046053203783,0.973270664274995,0,"Anaerobutyricum_hallii","DSM_3353","Glucose","Intermediate","positive","Human","Anaerobutyricum","Anaerobutyricum_hallii","Lachnospiraceae","Eubacteriales","Clostridia","Firmicutes","Terrabacteria group","Bacteria"
"18","200602-1",2.19400006598746,0.295010263631292,0.507295475222751,0.787137303066432,0,"Anaerobutyricum_hallii","DSM_3353","Glucose","Intermediate","positive","Human","Anaerobutyricum","Anaerobutyricum_hallii","Lachnospiraceae","Eubacteriales","Clostridia","Firmicutes","Terrabacteria group","Bacteria"
"19","200602-1",2.47227533167996,0.0550537309138411,0.880713627649531,1.06633734487928,0,"Anaerobutyricum_hallii","DSM_3353","Glucose","Intermediate","positive","Human","Anaerobutyricum","Anaerobutyricum_hallii","Lachnospiraceae","Eubacteriales","Clostridia","Firmicutes","Terrabacteria group","Bacteria"
"20","200602-1",1.84357936104134,0.145703976607101,1.5030772150275,1.62473742850496,0,"Anaerobutyricum_hallii","DSM_3353","Glucose","Intermediate","positive","Human","Anaerobutyricum","Anaerobutyricum_hallii","Lachnospiraceae","Eubacteriales","Clostridia","Firmicutes","Terrabacteria group","Bacteria"
"21","200602-2",2.46196884035802,0.204360017938033,2.49885895483224,-0.329662864184943,0,"Marvinbryantia_formatexigens","DSM_14469","Glucose","Intermediate","positive","Human","Marvinbryantia","Marvinbryantia_formatexigens","Lachnospiraceae","Eubacteriales","Clostridia","Firmicutes","Terrabacteria group","Bacteria"
"22","200602-2",2.06516892446315,0.593622837679676,0.507295475222751,-0.14352950297638,0,"Marvinbryantia_formatexigens","DSM_14469","Glucose","Intermediate","positive","Human","Marvinbryantia","Marvinbryantia_formatexigens","Lachnospiraceae","Eubacteriales","Clostridia","Firmicutes","Terrabacteria group","Bacteria"
"23","200602-2",2.52896103395066,1.16951851620156,3.49464069463699,-0.14352950297638,0,"Marvinbryantia_formatexigens","DSM_14469","Glucose","Intermediate","positive","Human","Marvinbryantia","Marvinbryantia_formatexigens","Lachnospiraceae","Eubacteriales","Clostridia","Firmicutes","Terrabacteria group","Bacteria"
"24","200602-2",2.06001567880218,1.19618035317017,2.12544080240546,-0.329662864184943,0,"Marvinbryantia_formatexigens","DSM_14469","Glucose","Intermediate","positive","Human","Marvinbryantia","Marvinbryantia_formatexigens","Lachnospiraceae","Eubacteriales","Clostridia","Firmicutes","Terrabacteria group","Bacteria"
"25","200602-2",2.02394295917537,1.17485088359528,2.87227710725902,-0.14352950297638,0,"Marvinbryantia_formatexigens","DSM_14469","Glucose","Intermediate","positive","Human","Marvinbryantia","Marvinbryantia_formatexigens","Lachnospiraceae","Eubacteriales","Clostridia","Firmicutes","Terrabacteria group","Bacteria"
"26","200602-3",-0.501147414701042,-1.42201203714692,3.37016797716139,-0.888062947810631,0,"Roseburia_intestinalis_L1-82","DSM_14610","Glucose","Intermediate","positive","Human","Roseburia","Roseburia_intestinalis","Lachnospiraceae","Eubacteriales","Clostridia","Firmicutes","Terrabacteria group","Bacteria"
"27","200602-3",-0.377469518837707,-0.97409317607434,1.75202264997868,-0.888062947810631,0,"Roseburia_intestinalis_L1-82","DSM_14610","Glucose","Intermediate","positive","Human","Roseburia","Roseburia_intestinalis","Lachnospiraceae","Eubacteriales","Clostridia","Firmicutes","Terrabacteria group","Bacteria"
"28","200602-3",-0.258944868635345,-1.33136179145366,3.99253156453936,-0.701929586602068,0,"Roseburia_intestinalis_L1-82","DSM_14610","Glucose","Intermediate","positive","Human","Roseburia","Roseburia_intestinalis","Lachnospiraceae","Eubacteriales","Clostridia","Firmicutes","Terrabacteria group","Bacteria"
"29","200602-3",0.462509523900774,-1.50732991544645,0.631768192698344,-0.981129628414912,0,"Roseburia_intestinalis_L1-82","DSM_14610","Glucose","Intermediate","positive","Human","Roseburia","Roseburia_intestinalis","Lachnospiraceae","Eubacteriales","Clostridia","Firmicutes","Terrabacteria group","Bacteria"
"30","200602-3",-0.166186446737844,-1.68329803943925,0.880713627649531,-0.981129628414912,0,"Roseburia_intestinalis_L1-82","DSM_14610","Glucose","Intermediate","positive","Human","Roseburia","Roseburia_intestinalis","Lachnospiraceae","Eubacteriales","Clostridia","Firmicutes","Terrabacteria group","Bacteria"
"31","200707-1",-0.65574478453021,-0.702142438994561,-0.986377134484367,-0.888062947810631,1,"Anaerovibrio_lipolyticus_5S","DSM_3074","Glucose","Detailed","negative","Sheep","Anaerovibrio","Anaerovibrio_lipolyticus","Selenomonadaceae","Selenomonadales","Negativicutes","Firmicutes","Terrabacteria group","Bacteria"
"32","200707-1",-0.470227940735208,-0.691477704207119,0.258350040271565,-0.236596183580662,1,"Anaerovibrio_lipolyticus_5S","DSM_3074","Glucose","Detailed","negative","Sheep","Anaerovibrio","Anaerovibrio_lipolyticus","Selenomonadaceae","Selenomonadales","Negativicutes","Firmicutes","Terrabacteria group","Bacteria"
"33","200707-1",-0.36200978185479,-0.307547251859197,-0.239540829630808,-0.422729544789224,1,"Anaerovibrio_lipolyticus_5S","DSM_3074","Glucose","Detailed","negative","Sheep","Anaerovibrio","Anaerovibrio_lipolyticus","Selenomonadaceae","Selenomonadales","Negativicutes","Firmicutes","Terrabacteria group","Bacteria"
"34","200707-1",-0.629978556225349,-0.984757910861782,-0.612958982057588,-0.515796225393506,1,"Anaerovibrio_lipolyticus_5S","DSM_3074","Glucose","Detailed","negative","Sheep","Anaerovibrio","Anaerovibrio_lipolyticus","Selenomonadaceae","Selenomonadales","Negativicutes","Firmicutes","Terrabacteria group","Bacteria"
"35","200707-1",-0.856721365308129,-0.814122154262706,0.0094046053203783,-0.329662864184943,1,"Anaerovibrio_lipolyticus_5S","DSM_3074","Glucose","Detailed","negative","Sheep","Anaerovibrio","Anaerovibrio_lipolyticus","Selenomonadaceae","Selenomonadales","Negativicutes","Firmicutes","Terrabacteria group","Bacteria"
"36","200707-2",-1.68124067106369,-1.49666518065901,0.0094046053203783,0.507937261253589,0,"Agathobacter_ruminis","DSM_29029","Glucose","Detailed","negative","Sheep","Agathobacter","Agathobacter_ruminis","Lachnospiraceae","Eubacteriales","Clostridia","Firmicutes","Terrabacteria group","Bacteria"
"37","200707-2",-1.44934461631994,-0.915437134743407,0.258350040271565,0.414870580649307,0,"Agathobacter_ruminis","DSM_29029","Glucose","Detailed","negative","Sheep","Agathobacter","Agathobacter_ruminis","Lachnospiraceae","Eubacteriales","Clostridia","Firmicutes","Terrabacteria group","Bacteria"
"38","200707-2",-1.69154716238564,-1.62997436550204,-0.488486264581995,0.321803900045026,0,"Agathobacter_ruminis","DSM_29029","Glucose","Detailed","negative","Sheep","Agathobacter","Agathobacter_ruminis","Lachnospiraceae","Eubacteriales","Clostridia","Firmicutes","Terrabacteria group","Bacteria"
"39","200707-2",-1.67093417974175,-1.47533571108413,-0.488486264581995,0.135670538836463,0,"Agathobacter_ruminis","DSM_29029","Glucose","Detailed","negative","Sheep","Agathobacter","Agathobacter_ruminis","Lachnospiraceae","Eubacteriales","Clostridia","Firmicutes","Terrabacteria group","Bacteria"
"40","200707-2",-1.73792637333439,-1.47000334369041,-0.364013547106401,0.135670538836463,0,"Agathobacter_ruminis","DSM_29029","Glucose","Detailed","negative","Sheep","Agathobacter","Agathobacter_ruminis","Lachnospiraceae","Eubacteriales","Clostridia","Firmicutes","Terrabacteria group","Bacteria"
"41","200707-3",-0.712430486800905,1.47346345764367,-0.115068112155215,-0.794996267206349,1,"Bacteroides_cellulosyliticus_CRE21","DSM_14838","Glucose","Intermediate","negative","Human","Bacteroides","Bacteroides_cellulosyliticus","Bacteroidales","Bacteroidia","Bacteroidetes","Bacteroidetes/Chlorobi group","FCB group","Bacteria"
"42","200707-3",-0.599059082259515,1.38281321195041,-0.861904417008774,-0.608862905997787,1,"Bacteroides_cellulosyliticus_CRE21","DSM_14838","Glucose","Intermediate","negative","Human","Bacteroides","Bacteroides_cellulosyliticus","Bacteroidales","Bacteroidia","Bacteroidetes","Bacteroidetes/Chlorobi group","FCB group","Bacteria"
"43","200707-3",-0.387776010159652,0.886903044334339,-0.115068112155215,-0.608862905997787,1,"Bacteroides_cellulosyliticus_CRE21","DSM_14838","Glucose","Intermediate","negative","Human","Bacteroides","Bacteroides_cellulosyliticus","Bacteroidales","Bacteroidia","Bacteroidetes","Bacteroidetes/Chlorobi group","FCB group","Bacteria"
"44","200707-3",-0.825801891342295,-0.0942525561103511,0.133877322795972,-0.515796225393506,1,"Bacteroides_cellulosyliticus_CRE21","DSM_14838","Glucose","Intermediate","negative","Human","Bacteroides","Bacteroides_cellulosyliticus","Bacteroidales","Bacteroidia","Bacteroidetes","Bacteroidetes/Chlorobi group","FCB group","Bacteria"
"45","200707-3",-0.805188908698406,-1.3420265262411,-0.364013547106401,-0.608862905997787,1,"Bacteroides_cellulosyliticus_CRE21","DSM_14838","Glucose","Intermediate","negative","Human","Bacteroides","Bacteroides_cellulosyliticus","Bacteroidales","Bacteroidia","Bacteroidetes","Bacteroidetes/Chlorobi group","FCB group","Bacteria"
"46","200707-4",-1.11438364835674,-0.798125052081542,-0.737431699533181,-0.515796225393506,1,"Wolinella_sp_Vibrio_succinogenes","ATCC_33567","Fumarate_Formate_AsparticAcid","Detailed","negative","Human","Wolinella","Wolinella_sp","Helicobacteraceae","Campylobacterales","Epsilonproteobacteria","delta/epsilon subdivisions","Proteobacteria","Bacteria"
"47","200707-4",-0.526913643005903,-1.25670864794156,1.00518634512512,0.228737219440745,1,"Wolinella_sp_Vibrio_succinogenes","ATCC_33567","Fumarate_Formate_AsparticAcid","Detailed","negative","Human","Wolinella","Wolinella_sp","Helicobacteraceae","Campylobacterales","Epsilonproteobacteria","delta/epsilon subdivisions","Proteobacteria","Bacteria"
"48","200707-4",-0.408388992803541,-1.02741685001155,-0.488486264581995,-0.14352950297638,1,"Wolinella_sp_Vibrio_succinogenes","ATCC_33567","Fumarate_Formate_AsparticAcid","Detailed","negative","Human","Wolinella","Wolinella_sp","Helicobacteraceae","Campylobacterales","Epsilonproteobacteria","delta/epsilon subdivisions","Proteobacteria","Bacteria"
"49","200707-4",-0.341396799210901,-1.33136179145366,-1.11084985195996,-0.608862905997787,1,"Wolinella_sp_Vibrio_succinogenes","ATCC_33567","Fumarate_Formate_AsparticAcid","Detailed","negative","Human","Wolinella","Wolinella_sp","Helicobacteraceae","Campylobacterales","Epsilonproteobacteria","delta/epsilon subdivisions","Proteobacteria","Bacteria"
"50","200707-4",-0.511453906022986,-0.595495091120138,0.133877322795972,-0.515796225393506,1,"Wolinella_sp_Vibrio_succinogenes","ATCC_33567","Fumarate_Formate_AsparticAcid","Detailed","negative","Human","Wolinella","Wolinella_sp","Helicobacteraceae","Campylobacterales","Epsilonproteobacteria","delta/epsilon subdivisions","Proteobacteria","Bacteria"
"51","200707-5",-1.44419137065897,-1.28870285230389,-0.861904417008774,-0.236596183580662,1,"Pseudobutyrivibrio_sp_LB2011",NA,"Soluble_Starch","Detailed","positive","Cow","Pseudobutyrivibrio","Pseudobutyrivibrio_sp","Lachnospiraceae","Eubacteriales","Clostridia","Firmicutes","Terrabacteria group","Bacteria"
"52","200707-5",-1.5317965468955,-0.936766604318292,-1.11084985195996,-0.236596183580662,1,"Pseudobutyrivibrio_sp_LB2011",NA,"Soluble_Starch","Detailed","positive","Cow","Pseudobutyrivibrio","Pseudobutyrivibrio_sp","Lachnospiraceae","Eubacteriales","Clostridia","Firmicutes","Terrabacteria group","Bacteria"
"53","200707-5",-1.38750566838827,-0.46218590627711,-0.986377134484367,-0.0504628223720991,1,"Pseudobutyrivibrio_sp_LB2011",NA,"Soluble_Starch","Detailed","positive","Cow","Pseudobutyrivibrio","Pseudobutyrivibrio_sp","Lachnospiraceae","Eubacteriales","Clostridia","Firmicutes","Terrabacteria group","Bacteria"
"54","200707-5",-1.58848224916619,-0.755466112931773,-1.11084985195996,-0.236596183580662,1,"Pseudobutyrivibrio_sp_LB2011",NA,"Soluble_Starch","Detailed","positive","Cow","Pseudobutyrivibrio","Pseudobutyrivibrio_sp","Lachnospiraceae","Eubacteriales","Clostridia","Firmicutes","Terrabacteria group","Bacteria"
"55","200707-5",-1.75853935597828,-1.01141974783039,-1.11084985195996,-0.236596183580662,1,"Pseudobutyrivibrio_sp_LB2011",NA,"Soluble_Starch","Detailed","positive","Cow","Pseudobutyrivibrio","Pseudobutyrivibrio_sp","Lachnospiraceae","Eubacteriales","Clostridia","Firmicutes","Terrabacteria group","Bacteria"
"56","200714-1",1.09120549453939,0.780255696459917,-0.737431699533181,-0.888062947810631,1,"Bacteroides_thetaiotaomicron","DSM_2079","Glucose","Intermediate","negative","Human","Bacteroides","Bacteroides_thetaiotaomicron","Bacteroidales","Bacteroidia","Bacteroidetes","Bacteroidetes/Chlorobi group","FCB group","Bacteria"
"57","200714-1",0.653179613356748,-0.22756174095338,-0.364013547106401,-0.888062947810631,1,"Bacteroides_thetaiotaomicron","DSM_2079","Glucose","Intermediate","negative","Human","Bacteroides","Bacteroides_thetaiotaomicron","Bacteroidales","Bacteroidia","Bacteroidetes","Bacteroidetes/Chlorobi group","FCB group","Bacteria"
"58","200714-1",0.586187419764108,0.193695283150591,-0.737431699533181,-0.794996267206349,1,"Bacteroides_thetaiotaomicron","DSM_2079","Glucose","Intermediate","negative","Human","Bacteroides","Bacteroides_thetaiotaomicron","Bacteroidales","Bacteroidia","Bacteroidetes","Bacteroidetes/Chlorobi group","FCB group","Bacteria"
"59","200714-1",0.72532505261036,0.529634428955023,-0.364013547106401,-0.794996267206349,1,"Bacteroides_thetaiotaomicron","DSM_2079","Glucose","Intermediate","negative","Human","Bacteroides","Bacteroides_thetaiotaomicron","Bacteroidales","Bacteroidia","Bacteroidetes","Bacteroidetes/Chlorobi group","FCB group","Bacteria"
"60","200714-1",0.83869645715175,0.438984183261763,-0.115068112155215,-0.701929586602068,1,"Bacteroides_thetaiotaomicron","DSM_2079","Glucose","Intermediate","negative","Human","Bacteroides","Bacteroides_thetaiotaomicron","Bacteroidales","Bacteroidia","Bacteroidetes","Bacteroidetes/Chlorobi group","FCB group","Bacteria"
"61","200714-4",0.467662769561746,-0.856781093412475,1.00518634512512,0.694070622462151,0,"Clostridium_cadaveris_G65","AGR2141","Glucose","Intermediate","positive","Cow","Clostridium","Clostridium_cadaveris","Clostridiaceae","Eubacteriales","Clostridia","Firmicutes","Terrabacteria group","Bacteria"
"62","200714-4",-0.186799429381733,0.241686589694081,0.631768192698344,0.880203983670714,0,"Clostridium_cadaveris_G65","AGR2141","Glucose","Intermediate","positive","Cow","Clostridium","Clostridium_cadaveris","Clostridiaceae","Eubacteriales","Clostridia","Firmicutes","Terrabacteria group","Bacteria"
"63","200714-4",-0.0425085508745095,-0.0835878213229088,0.382822757747158,0.880203983670714,0,"Clostridium_cadaveris_G65","AGR2141","Glucose","Intermediate","positive","Cow","Clostridium","Clostridium_cadaveris","Clostridiaceae","Eubacteriales","Clostridia","Firmicutes","Terrabacteria group","Bacteria"
"64","200714-4",-0.130113727111038,-0.142243862653841,1.00518634512512,0.880203983670714,0,"Clostridium_cadaveris_G65","AGR2141","Glucose","Intermediate","positive","Cow","Clostridium","Clostridium_cadaveris","Clostridiaceae","Eubacteriales","Clostridia","Firmicutes","Terrabacteria group","Bacteria"
"65","200714-4",0.0244836427181301,-0.243558843134543,0.756240910173938,0.973270664274995,0,"Clostridium_cadaveris_G65","AGR2141","Glucose","Intermediate","positive","Cow","Clostridium","Clostridium_cadaveris","Clostridiaceae","Eubacteriales","Clostridia","Firmicutes","Terrabacteria group","Bacteria"
"66","200714-5",1.08605224887842,-0.888775297774802,-0.488486264581995,-0.236596183580662,1,"Selenomonas_ruminantium_AB3002_P159",NA,"Glucose","Intermediate","negative","Cow","Selenomonas","Selenomonas_ruminantium","Selenomonadaceae","Selenomonadales","Negativicutes","Firmicutes","Terrabacteria group","Bacteria"
"67","200714-5",1.73536120216093,-0.424859334521062,-0.239540829630808,-0.608862905997787,1,"Selenomonas_ruminantium_AB3002_P159",NA,"Glucose","Intermediate","negative","Cow","Selenomonas","Selenomonas_ruminantium","Selenomonadaceae","Selenomonadales","Negativicutes","Firmicutes","Terrabacteria group","Bacteria"
"68","200714-5",0.766551017898138,-0.792792684687821,-0.364013547106401,-0.236596183580662,1,"Selenomonas_ruminantium_AB3002_P159",NA,"Glucose","Intermediate","negative","Cow","Selenomonas","Selenomonas_ruminantium","Selenomonadaceae","Selenomonadales","Negativicutes","Firmicutes","Terrabacteria group","Bacteria"
"69","200714-5",1.78174041310968,-0.606159825907581,-0.239540829630808,-0.14352950297638,1,"Selenomonas_ruminantium_AB3002_P159",NA,"Glucose","Intermediate","negative","Cow","Selenomonas","Selenomonas_ruminantium","Selenomonadaceae","Selenomonadales","Negativicutes","Firmicutes","Terrabacteria group","Bacteria"
"70","200714-5",1.75082093914384,-0.00893467781081268,-0.364013547106401,-0.0504628223720991,1,"Selenomonas_ruminantium_AB3002_P159",NA,"Glucose","Intermediate","negative","Cow","Selenomonas","Selenomonas_ruminantium","Selenomonadaceae","Selenomonadales","Negativicutes","Firmicutes","Terrabacteria group","Bacteria"
"71","200715-2",-0.666051275852155,-1.24604391315412,1.12965906260072,3.67220440179915,0,"Ligilactobacillus_ruminis_Lactobacillus_ruminis","DSM_20403","Glucose","Intermediate","positive","Cow","Ligilactobacillus","Ligilactobacillus_ruminis","Lactobacillaceae","Lactobacillales","Bacilli","Firmicutes","Terrabacteria group","Bacteria"
"72","200715-2",-0.640285047547294,-1.64063910028948,3.99253156453936,4.69593788844625,0,"Ligilactobacillus_ruminis_Lactobacillus_ruminis","DSM_20403","Glucose","Intermediate","positive","Cow","Ligilactobacillus","Ligilactobacillus_ruminis","Lactobacillaceae","Lactobacillales","Bacilli","Firmicutes","Terrabacteria group","Bacteria"
"73","200715-2",-0.434155221108402,-0.446188804095947,2.24991351988106,3.11380431817346,0,"Ligilactobacillus_ruminis_Lactobacillus_ruminis","DSM_20403","Glucose","Intermediate","positive","Cow","Ligilactobacillus","Ligilactobacillus_ruminis","Lactobacillaceae","Lactobacillales","Bacilli","Firmicutes","Terrabacteria group","Bacteria"
"74","200715-2",-0.434155221108402,0.620284674648282,1.87649536745428,3.29993767938203,0,"Ligilactobacillus_ruminis_Lactobacillus_ruminis","DSM_20403","Glucose","Intermediate","positive","Cow","Ligilactobacillus","Ligilactobacillus_ruminis","Lactobacillaceae","Lactobacillales","Bacilli","Firmicutes","Terrabacteria group","Bacteria"
"75","200715-2",-0.439308466769375,0.295010263631292,0.507295475222751,2.9276709569649,0,"Ligilactobacillus_ruminis_Lactobacillus_ruminis","DSM_20403","Glucose","Intermediate","positive","Cow","Ligilactobacillus","Ligilactobacillus_ruminis","Lactobacillaceae","Lactobacillales","Bacilli","Firmicutes","Terrabacteria group","Bacteria"
"76","200715-4",0.941761370371196,0.630949409435725,-0.488486264581995,-0.515796225393506,1,"Basfia_succiniciproducens","DSM_22022","Glucose","Intermediate","negative","Cow","Basfia","Basfia_succiniciproducens","Basfia","Pasteurellaceae","Pasteurellales","Gammaproteobacteria","Proteobacteria","Bacteria"
"77","200715-4",0.694405578644526,0.774923329066196,0.507295475222751,0.0426038582321821,1,"Basfia_succiniciproducens","DSM_22022","Glucose","Intermediate","negative","Cow","Basfia","Basfia_succiniciproducens","Basfia","Pasteurellaceae","Pasteurellales","Gammaproteobacteria","Proteobacteria","Bacteria"
"78","200715-4",2.19915331164843,0.396325244111994,0.258350040271565,-0.422729544789224,1,"Basfia_succiniciproducens","DSM_22022","Glucose","Intermediate","negative","Cow","Basfia","Basfia_succiniciproducens","Basfia","Pasteurellaceae","Pasteurellales","Gammaproteobacteria","Proteobacteria","Bacteria"
"79","200715-4",1.67867549989023,1.06820353572086,-0.364013547106401,-0.422729544789224,1,"Basfia_succiniciproducens","DSM_22022","Glucose","Intermediate","negative","Cow","Basfia","Basfia_succiniciproducens","Basfia","Pasteurellaceae","Pasteurellales","Gammaproteobacteria","Proteobacteria","Bacteria"
"80","200715-4",2.24553252259718,1.35081900758808,0.507295475222751,-0.422729544789224,1,"Basfia_succiniciproducens","DSM_22022","Glucose","Intermediate","negative","Cow","Basfia","Basfia_succiniciproducens","Basfia","Pasteurellaceae","Pasteurellales","Gammaproteobacteria","Proteobacteria","Bacteria"
"81","200715-6",-0.0528150421964541,-0.547503784576648,0.0094046053203783,1.99700415092209,0,"Proteiniclasticum_ruminis","DSM_24773","Glucose","Intermediate","negative","Yak","Proteiniclasticum","Proteiniclasticum_ruminis","Clostridiaceae","Eubacteriales","Clostridia","Firmicutes","Terrabacteria group","Bacteria"
"82","200715-6",0.364597856342301,-0.899440032562244,-0.115068112155215,1.53167074790068,0,"Proteiniclasticum_ruminis","DSM_24773","Glucose","Intermediate","negative","Yak","Proteiniclasticum","Proteiniclasticum_ruminis","Clostridiaceae","Eubacteriales","Clostridia","Firmicutes","Terrabacteria group","Bacteria"
"83","200715-6",0.199693995191188,-0.888775297774802,-0.364013547106401,1.15940402548356,0,"Proteiniclasticum_ruminis","DSM_24773","Glucose","Intermediate","negative","Yak","Proteiniclasticum","Proteiniclasticum_ruminis","Clostridiaceae","Eubacteriales","Clostridia","Firmicutes","Terrabacteria group","Bacteria"
"84","200715-6",0.00387066007424101,-0.851448726018754,0.756240910173938,3.29993767938203,0,"Proteiniclasticum_ruminis","DSM_24773","Glucose","Intermediate","negative","Yak","Proteiniclasticum","Proteiniclasticum_ruminis","Clostridiaceae","Eubacteriales","Clostridia","Firmicutes","Terrabacteria group","Bacteria"
"85","200715-6",-0.331090307888957,-0.179570434409889,0.880713627649531,2.36927087333921,0,"Proteiniclasticum_ruminis","DSM_24773","Glucose","Intermediate","negative","Yak","Proteiniclasticum","Proteiniclasticum_ruminis","Clostridiaceae","Eubacteriales","Clostridia","Firmicutes","Terrabacteria group","Bacteria"
"86","200728-3",-0.109500744467149,1.24417165971366,-1.60874072186233,-0.794996267206349,1,"Propionibacteriaceae_bacterium_P6A17",NA,"Glucose","Intermediate","positive","Ruminator, unspecified","Propionibacteriaceae","Propionibacteriaceae_bacterium","Propionibacteriaceae","Propionibacteriales","Actinomycetia","Actinobacteria","Terrabacteria group","Bacteria"
"87","200728-3",-0.217718903347566,1.48412819243111,-1.60874072186233,-0.794996267206349,1,"Propionibacteriaceae_bacterium_P6A17",NA,"Glucose","Intermediate","positive","Ruminator, unspecified","Propionibacteriaceae","Propionibacteriaceae_bacterium","Propionibacteriaceae","Propionibacteriales","Actinomycetia","Actinobacteria","Terrabacteria group","Bacteria"
"88","200728-3",-0.140420218432982,1.0042151269962,-1.48426800438674,-0.701929586602068,1,"Propionibacteriaceae_bacterium_P6A17",NA,"Glucose","Intermediate","positive","Ruminator, unspecified","Propionibacteriaceae","Propionibacteriaceae_bacterium","Propionibacteriaceae","Propionibacteriales","Actinomycetia","Actinobacteria","Terrabacteria group","Bacteria"
"89","200728-3",-0.0373553052135372,1.4574663554625,-1.48426800438674,-0.701929586602068,1,"Propionibacteriaceae_bacterium_P6A17",NA,"Glucose","Intermediate","positive","Ruminator, unspecified","Propionibacteriaceae","Propionibacteriaceae_bacterium","Propionibacteriaceae","Propionibacteriales","Actinomycetia","Actinobacteria","Terrabacteria group","Bacteria"
"90","200728-3",-0.233178640330483,0.860241207365734,-1.60874072186233,-0.794996267206349,1,"Propionibacteriaceae_bacterium_P6A17",NA,"Glucose","Intermediate","positive","Ruminator, unspecified","Propionibacteriaceae","Propionibacteriaceae_bacterium","Propionibacteriaceae","Propionibacteriales","Actinomycetia","Actinobacteria","Terrabacteria group","Bacteria"
"91","200811-2",0.256379697461883,0.758926226885032,0.0094046053203783,-0.422729544789224,1,"Bacteroides_caccae","DSM_19024","Glucose","Intermediate","negative","Human","Bacteroides","Bacteroides_caccae","Bacteroidales","Bacteroidia","Bacteroidetes","Bacteroidetes/Chlorobi group","FCB group","Bacteria"
"92","200811-2",0.0502498710229915,0.998882759602483,0.382822757747158,-0.14352950297638,1,"Bacteroides_caccae","DSM_19024","Glucose","Intermediate","negative","Human","Bacteroides","Bacteroides_caccae","Bacteroidales","Bacteroidia","Bacteroidetes","Bacteroidetes/Chlorobi group","FCB group","Bacteria"
"93","200811-2",0.627413385051886,1.14285667923295,0.507295475222751,-0.329662864184943,1,"Bacteroides_caccae","DSM_19024","Glucose","Intermediate","negative","Human","Bacteroides","Bacteroides_caccae","Bacteroidales","Bacteroidia","Bacteroidetes","Bacteroidetes/Chlorobi group","FCB group","Bacteria"
"94","200811-2",0.565574437120219,1.18551561838272,0.133877322795972,-0.236596183580662,1,"Bacteroides_caccae","DSM_19024","Glucose","Intermediate","negative","Human","Bacteroides","Bacteroides_caccae","Bacteroidales","Bacteroidia","Bacteroidetes","Bacteroidetes/Chlorobi group","FCB group","Bacteria"
"95","200811-2",0.462509523900774,0.65761124640433,0.631768192698344,-0.329662864184943,1,"Bacteroides_caccae","DSM_19024","Glucose","Intermediate","negative","Human","Bacteroides","Bacteroides_caccae","Bacteroidales","Bacteroidia","Bacteroidetes","Bacteroidetes/Chlorobi group","FCB group","Bacteria"
"96","200811-5",-1.00101224381535,-0.904772399955965,0.880713627649531,1.15940402548356,0,"Sharpea_azabuensis","DSM_20406","Glucose","Detailed","positive","Cow","Sharpea","Sharpea_azabuensis","Coprobacillaceae","Erysipelotrichales","Erysipelotrichia","Firmicutes","Terrabacteria group","Bacteria"
"97","200811-5",-0.892794084934935,-1.1660584022483,1.00518634512512,0.973270664274995,0,"Sharpea_azabuensis","DSM_20406","Glucose","Detailed","positive","Cow","Sharpea","Sharpea_azabuensis","Coprobacillaceae","Erysipelotrichales","Erysipelotrichia","Firmicutes","Terrabacteria group","Bacteria"
"98","200811-5",-0.794882417376461,-1.17139076964202,1.00518634512512,1.4386040672964,0,"Sharpea_azabuensis","DSM_20406","Glucose","Detailed","positive","Cow","Sharpea","Sharpea_azabuensis","Coprobacillaceae","Erysipelotrichales","Erysipelotrichia","Firmicutes","Terrabacteria group","Bacteria"
"99","200811-5",-1.25352128120299,-0.718139541175725,1.25413178007631,1.71780410910925,0,"Sharpea_azabuensis","DSM_20406","Glucose","Detailed","positive","Cow","Sharpea","Sharpea_azabuensis","Coprobacillaceae","Erysipelotrichales","Erysipelotrichia","Firmicutes","Terrabacteria group","Bacteria"
"100","200811-5",-0.856721365308129,-1.0647434217676,0.756240910173938,1.4386040672964,0,"Sharpea_azabuensis","DSM_20406","Glucose","Detailed","positive","Cow","Sharpea","Sharpea_azabuensis","Coprobacillaceae","Erysipelotrichales","Erysipelotrichia","Firmicutes","Terrabacteria group","Bacteria"
"101","200903-1",-0.635131801886321,-0.32354435404036,1.87649536745428,1.53167074790068,0,"Dorea_sp","AGR2135","Glucose","Intermediate","positive","Ruminator, unspecified","Dorea","Dorea_sp","Lachnospiraceae","Eubacteriales","Clostridia","Firmicutes","Terrabacteria group","Bacteria"
"102","200903-1",-0.650591538869238,-0.371535660583851,1.00518634512512,1.25247070608784,0,"Dorea_sp","AGR2135","Glucose","Intermediate","positive","Ruminator, unspecified","Dorea","Dorea_sp","Lachnospiraceae","Eubacteriales","Clostridia","Firmicutes","Terrabacteria group","Bacteria"
"103","200903-1",-0.2486383773134,0.828247003003407,0.880713627649531,1.71780410910925,0,"Dorea_sp","AGR2135","Glucose","Intermediate","positive","Ruminator, unspecified","Dorea","Dorea_sp","Lachnospiraceae","Eubacteriales","Clostridia","Firmicutes","Terrabacteria group","Bacteria"
"104","200903-1",-0.506300660362014,0.316339733206177,1.5030772150275,1.99700415092209,0,"Dorea_sp","AGR2135","Glucose","Intermediate","positive","Ruminator, unspecified","Dorea","Dorea_sp","Lachnospiraceae","Eubacteriales","Clostridia","Firmicutes","Terrabacteria group","Bacteria"
"105","200903-1",-0.0373553052135372,0.18836291575687,1.75202264997868,1.90393747031781,0,"Dorea_sp","AGR2135","Glucose","Intermediate","positive","Ruminator, unspecified","Dorea","Dorea_sp","Lachnospiraceae","Eubacteriales","Clostridia","Firmicutes","Terrabacteria group","Bacteria"
"106","201019-1",0.61195364806897,-0.952763706499455,0.0094046053203783,-0.608862905997787,1,"Bacteroides_thetaiotaomicron","DSM_2079","Starch_Maltose","Intermediate","negative","Human","Bacteroides","Bacteroides_thetaiotaomicron","Bacteroidales","Bacteroidia","Bacteroidetes","Bacteroidetes/Chlorobi group","FCB group","Bacteria"
"107","201019-1",0.581034174103136,-0.739469010750609,0.631768192698344,-0.422729544789224,1,"Bacteroides_thetaiotaomicron","DSM_2079","Starch_Maltose","Intermediate","negative","Human","Bacteroides","Bacteroides_thetaiotaomicron","Bacteroidales","Bacteroidia","Bacteroidetes","Bacteroidetes/Chlorobi group","FCB group","Bacteria"
"108","201019-1",0.143008292920493,-1.03808158479899,0.0094046053203783,-0.329662864184943,1,"Bacteroides_thetaiotaomicron","DSM_2079","Starch_Maltose","Intermediate","negative","Human","Bacteroides","Bacteroides_thetaiotaomicron","Bacteroidales","Bacteroidia","Bacteroidetes","Bacteroidetes/Chlorobi group","FCB group","Bacteria"
"109","201019-1",1.26126260135148,-1.05941105437388,1.00518634512512,-0.422729544789224,1,"Bacteroides_thetaiotaomicron","DSM_2079","Starch_Maltose","Intermediate","negative","Human","Bacteroides","Bacteroides_thetaiotaomicron","Bacteroidales","Bacteroidia","Bacteroidetes","Bacteroidetes/Chlorobi group","FCB group","Bacteria"
"110","201019-1",0.148161538581465,-1.60331252853343,1.00518634512512,-0.422729544789224,1,"Bacteroides_thetaiotaomicron","DSM_2079","Starch_Maltose","Intermediate","negative","Human","Bacteroides","Bacteroides_thetaiotaomicron","Bacteroidales","Bacteroidia","Bacteroidetes","Bacteroidetes/Chlorobi group","FCB group","Bacteria"
"111","201019-2",-1.58848224916619,-1.34735889363482,-0.239540829630808,-0.422729544789224,1,"Butyrivibrio_fibrisolvens_CF3",NA,"Glucose","Detailed","negative","Cow","Butyrivibrio","Butyrivibrio_fibrisolvens","Lachnospiraceae","Eubacteriales","Clostridia","Firmicutes","Terrabacteria group","Bacteria"
"112","201019-2",-1.52664330123452,-1.41134730235947,-0.488486264581995,-0.422729544789224,1,"Butyrivibrio_fibrisolvens_CF3",NA,"Glucose","Detailed","negative","Cow","Butyrivibrio","Butyrivibrio_fibrisolvens","Lachnospiraceae","Eubacteriales","Clostridia","Firmicutes","Terrabacteria group","Bacteria"
"113","201019-2",-1.68124067106369,-1.33669415884738,-0.861904417008774,-0.236596183580662,1,"Butyrivibrio_fibrisolvens_CF3",NA,"Glucose","Detailed","negative","Cow","Butyrivibrio","Butyrivibrio_fibrisolvens","Lachnospiraceae","Eubacteriales","Clostridia","Firmicutes","Terrabacteria group","Bacteria"
"114","201019-2",-1.56271602086133,-1.1660584022483,-0.986377134484367,-0.422729544789224,1,"Butyrivibrio_fibrisolvens_CF3",NA,"Glucose","Detailed","negative","Cow","Butyrivibrio","Butyrivibrio_fibrisolvens","Lachnospiraceae","Eubacteriales","Clostridia","Firmicutes","Terrabacteria group","Bacteria"
"115","201019-2",-1.52664330123452,-1.26204101533528,-1.11084985195996,-0.422729544789224,1,"Butyrivibrio_fibrisolvens_CF3",NA,"Glucose","Detailed","negative","Cow","Butyrivibrio","Butyrivibrio_fibrisolvens","Lachnospiraceae","Eubacteriales","Clostridia","Firmicutes","Terrabacteria group","Bacteria"
"116","201019-4",-0.0682747791793709,1.26550112928854,-1.60874072186233,-0.981129628414912,0,"Methanomicrobium_mobile_BP","DSM_1539","Acetate_Formate","Detailed",NA,"Cow","Methanomicrobium","Methanomicrobium_mobile","Methanomicrobiaceae","Methanomicrobiales","Methanomicrobia","Stenosarchaea group","Euryarchaeota","Archaea"
"117","201019-4",0.0966290819717421,1.75607892951089,-1.85768615681352,-0.981129628414912,0,"Methanomicrobium_mobile_BP","DSM_1539","Acetate_Formate","Detailed",NA,"Cow","Methanomicrobium","Methanomicrobium_mobile","Methanomicrobiaceae","Methanomicrobiales","Methanomicrobia","Stenosarchaea group","Euryarchaeota","Archaea"
"118","201019-4",0.153314784242437,1.22817455753249,-1.85768615681352,-1.07419630901919,0,"Methanomicrobium_mobile_BP","DSM_1539","Acetate_Formate","Detailed",NA,"Cow","Methanomicrobium","Methanomicrobium_mobile","Methanomicrobiaceae","Methanomicrobiales","Methanomicrobia","Stenosarchaea group","Euryarchaeota","Archaea"
"119","201019-4",-0.00643583124770355,0.769590961672474,-1.98215887428911,-1.07419630901919,0,"Methanomicrobium_mobile_BP","DSM_1539","Acetate_Formate","Detailed",NA,"Cow","Methanomicrobium","Methanomicrobium_mobile","Methanomicrobiaceae","Methanomicrobiales","Methanomicrobia","Stenosarchaea group","Euryarchaeota","Archaea"
"120","201019-4",-0.0115890769086758,1.31349243583203,-1.85768615681352,-0.981129628414912,0,"Methanomicrobium_mobile_BP","DSM_1539","Acetate_Formate","Detailed",NA,"Cow","Methanomicrobium","Methanomicrobium_mobile","Methanomicrobiaceae","Methanomicrobiales","Methanomicrobia","Stenosarchaea group","Euryarchaeota","Archaea"
"121","201020-3",1.78174041310968,1.21750982274505,-1.98215887428911,-1.07419630901919,0,"Methanocorpusculum_labreanum_Z","DSM_4855","Acetate_Formate","Intermediate",NA,"Environmental","Methanocorpusculum","Methanocorpusculum_labreanum","Methanocorpusculaceae","Methanomicrobiales","Methanomicrobia","Stenosarchaea group","Euryarchaeota","Archaea"
"122","201020-3",2.59079998188232,1.38281321195041,-1.85768615681352,-1.07419630901919,0,"Methanocorpusculum_labreanum_Z","DSM_4855","Acetate_Formate","Intermediate",NA,"Environmental","Methanocorpusculum","Methanocorpusculum_labreanum","Methanocorpusculaceae","Methanomicrobiales","Methanomicrobia","Stenosarchaea group","Euryarchaeota","Archaea"
"123","201020-3",0.343984873698412,1.39881031413157,-2.10663159176471,-1.07419630901919,0,"Methanocorpusculum_labreanum_Z","DSM_4855","Acetate_Formate","Intermediate",NA,"Environmental","Methanocorpusculum","Methanocorpusculum_labreanum","Methanocorpusculaceae","Methanomicrobiales","Methanomicrobia","Stenosarchaea group","Euryarchaeota","Archaea"
"124","201020-3",0.699558824305498,1.82539970562926,-1.98215887428911,-1.07419630901919,0,"Methanocorpusculum_labreanum_Z","DSM_4855","Acetate_Formate","Intermediate",NA,"Environmental","Methanocorpusculum","Methanocorpusculum_labreanum","Methanocorpusculaceae","Methanomicrobiales","Methanomicrobia","Stenosarchaea group","Euryarchaeota","Archaea"
"125","201020-3",0.405823821630079,1.72408472514856,-1.85768615681352,-1.07419630901919,0,"Methanocorpusculum_labreanum_Z","DSM_4855","Acetate_Formate","Intermediate",NA,"Environmental","Methanocorpusculum","Methanocorpusculum_labreanum","Methanocorpusculaceae","Methanomicrobiales","Methanomicrobia","Stenosarchaea group","Euryarchaeota","Archaea"
"126","201026-3",1.80750664141454,0.172365813575706,-0.364013547106401,-0.515796225393506,1,"Faecalibacterium_prausnitzii_A2-165","DSM_17677","Glucose","Intermediate","positive","Human","Faecalibacterium","Faecalibacterium_prausnitzii","Oscillospiraceae","Eubacteriales","Clostridia","Firmicutes","Terrabacteria group","Bacteria"
"127","201026-3",1.45193269080745,0.385660509324552,-0.488486264581995,-0.608862905997787,1,"Faecalibacterium_prausnitzii_A2-165","DSM_17677","Glucose","Intermediate","positive","Human","Faecalibacterium","Faecalibacterium_prausnitzii","Oscillospiraceae","Eubacteriales","Clostridia","Firmicutes","Terrabacteria group","Bacteria"
"128","201026-3",1.20457689908078,-0.483515375851994,-0.488486264581995,-0.329662864184943,1,"Faecalibacterium_prausnitzii_A2-165","DSM_17677","Glucose","Intermediate","positive","Human","Faecalibacterium","Faecalibacterium_prausnitzii","Oscillospiraceae","Eubacteriales","Clostridia","Firmicutes","Terrabacteria group","Bacteria"
"129","201026-3",0.292452417088689,-0.680812969419677,-0.737431699533181,-0.515796225393506,1,"Faecalibacterium_prausnitzii_A2-165","DSM_17677","Glucose","Intermediate","positive","Human","Faecalibacterium","Faecalibacterium_prausnitzii","Oscillospiraceae","Eubacteriales","Clostridia","Firmicutes","Terrabacteria group","Bacteria"
"130","201026-3",0.328525136715495,-0.184902801803611,-0.612958982057588,-0.329662864184943,1,"Faecalibacterium_prausnitzii_A2-165","DSM_17677","Glucose","Intermediate","positive","Human","Faecalibacterium","Faecalibacterium_prausnitzii","Oscillospiraceae","Eubacteriales","Clostridia","Firmicutes","Terrabacteria group","Bacteria"
"131","201027-1",0.756244526576193,1.28683059886343,0.258350040271565,-0.794996267206349,1,"Clostridium_aminophilum_F","DSM_10710","Glucose","Intermediate","positive","Cow","Clostridium","Clostridium_aminophilum","Clostridiaceae","Eubacteriales","Clostridia","Firmicutes","Terrabacteria group","Bacteria"
"132","201027-1",0.570727682781191,1.39881031413157,-0.612958982057588,-0.701929586602068,1,"Clostridium_aminophilum_F","DSM_10710","Glucose","Intermediate","positive","Cow","Clostridium","Clostridium_aminophilum","Clostridiaceae","Eubacteriales","Clostridia","Firmicutes","Terrabacteria group","Bacteria"
"133","201027-1",0.467662769561746,1.10553010747691,-1.11084985195996,-0.888062947810631,1,"Clostridium_aminophilum_F","DSM_10710","Glucose","Intermediate","positive","Cow","Clostridium","Clostridium_aminophilum","Clostridiaceae","Eubacteriales","Clostridia","Firmicutes","Terrabacteria group","Bacteria"
"134","201027-1",0.0708628536668807,1.00954749438993,-0.737431699533181,-0.981129628414912,1,"Clostridium_aminophilum_F","DSM_10710","Glucose","Intermediate","positive","Cow","Clostridium","Clostridium_aminophilum","Clostridiaceae","Eubacteriales","Clostridia","Firmicutes","Terrabacteria group","Bacteria"
"135","201027-1",0.416130312952023,1.11619484226435,0.0094046053203783,-0.608862905997787,1,"Clostridium_aminophilum_F","DSM_10710","Glucose","Intermediate","positive","Cow","Clostridium","Clostridium_aminophilum","Clostridiaceae","Eubacteriales","Clostridia","Firmicutes","Terrabacteria group","Bacteria"
"136","201027-3",0.112088818954659,-1.11806709570481,-0.737431699533181,-0.329662864184943,1,"Selenomonas_bovis","DSM_23594","Glucose","Intermediate","negative","Yak","Selenomonas","Selenomonas_bovis","Selenomonadaceae","Selenomonadales","Negativicutes","Firmicutes","Terrabacteria group","Bacteria"
"137","201027-3",0.199693995191188,-1.15539366746086,-0.488486264581995,-0.422729544789224,1,"Selenomonas_bovis","DSM_23594","Glucose","Intermediate","negative","Yak","Selenomonas","Selenomonas_bovis","Selenomonadaceae","Selenomonadales","Negativicutes","Firmicutes","Terrabacteria group","Bacteria"
"138","201027-3",0.0811693449888252,-1.15539366746086,-0.737431699533181,-0.701929586602068,1,"Selenomonas_bovis","DSM_23594","Glucose","Intermediate","negative","Yak","Selenomonas","Selenomonas_bovis","Selenomonadaceae","Selenomonadales","Negativicutes","Firmicutes","Terrabacteria group","Bacteria"
"139","201027-3",0.313065399732578,-0.0622583517480242,-0.488486264581995,-0.701929586602068,1,"Selenomonas_bovis","DSM_23594","Glucose","Intermediate","negative","Yak","Selenomonas","Selenomonas_bovis","Selenomonadaceae","Selenomonadales","Negativicutes","Firmicutes","Terrabacteria group","Bacteria"
"140","201027-3",0.395517330308134,0.151036344000822,-0.612958982057588,-0.794996267206349,1,"Selenomonas_bovis","DSM_23594","Glucose","Intermediate","negative","Yak","Selenomonas","Selenomonas_bovis","Selenomonadaceae","Selenomonadales","Negativicutes","Firmicutes","Terrabacteria group","Bacteria"
"141","201027-4",-0.392929255820624,-0.0302641473856973,-0.861904417008774,-0.422729544789224,1,"Succinivibrio_dextrinosolvens","DSM_3072","Glucose","Detailed","negative","Cow","Succinivibrio","Succinivibrio_dextrinosolvens","Succinivibrio","Succinivibrionaceae","Aeromonadales","Gammaproteobacteria","Proteobacteria","Bacteria"
"142","201027-4",-0.825801891342295,0.358998672355946,-1.35979528691115,-0.794996267206349,1,"Succinivibrio_dextrinosolvens","DSM_3072","Glucose","Detailed","negative","Cow","Succinivibrio","Succinivibrio_dextrinosolvens","Succinivibrio","Succinivibrionaceae","Aeromonadales","Gammaproteobacteria","Proteobacteria","Bacteria"
"143","201027-4",-1.00616548947632,0.364331039749667,-0.488486264581995,-0.608862905997787,1,"Succinivibrio_dextrinosolvens","DSM_3072","Glucose","Detailed","negative","Cow","Succinivibrio","Succinivibrio_dextrinosolvens","Succinivibrio","Succinivibrionaceae","Aeromonadales","Gammaproteobacteria","Proteobacteria","Bacteria"
"144","201027-4",-0.763962943410628,-0.0622583517480242,-0.488486264581995,-0.515796225393506,1,"Succinivibrio_dextrinosolvens","DSM_3072","Glucose","Detailed","negative","Cow","Succinivibrio","Succinivibrio_dextrinosolvens","Succinivibrio","Succinivibrionaceae","Aeromonadales","Gammaproteobacteria","Proteobacteria","Bacteria"
"145","201027-4",-0.485687677718125,-0.408862232339899,-0.861904417008774,-0.701929586602068,1,"Succinivibrio_dextrinosolvens","DSM_3072","Glucose","Detailed","negative","Cow","Succinivibrio","Succinivibrio_dextrinosolvens","Succinivibrio","Succinivibrionaceae","Aeromonadales","Gammaproteobacteria","Proteobacteria","Bacteria"
"146","201104-4",0.0502498710229915,1.27083349668226,-0.986377134484367,-0.329662864184943,1,"Akkermansia_muciniphila_Muc","DSM_22959","Glucose_Mucin","Intermediate","negative","Human","Akkermansia","Akkermansia_muciniphila","Akkermansiaceae","Verrucomicrobiales","Verrucomicrobiae","Verrucomicrobia","PVC group","Bacteria"
"147","201104-4",0.148161538581465,1.12152720965807,-0.612958982057588,-0.0504628223720991,1,"Akkermansia_muciniphila_Muc","DSM_22959","Glucose_Mucin","Intermediate","negative","Human","Akkermansia","Akkermansia_muciniphila","Akkermansiaceae","Verrucomicrobiales","Verrucomicrobiae","Verrucomicrobia","PVC group","Bacteria"
"148","201104-4",0.276992680105772,1.75607892951089,-0.737431699533181,0.0426038582321821,1,"Akkermansia_muciniphila_Muc","DSM_22959","Glucose_Mucin","Intermediate","negative","Human","Akkermansia","Akkermansia_muciniphila","Akkermansiaceae","Verrucomicrobiales","Verrucomicrobiae","Verrucomicrobia","PVC group","Bacteria"
"149","201104-4",1.09635874020036,1.59610790769925,-0.861904417008774,-0.329662864184943,1,"Akkermansia_muciniphila_Muc","DSM_22959","Glucose_Mucin","Intermediate","negative","Human","Akkermansia","Akkermansia_muciniphila","Akkermansiaceae","Verrucomicrobiales","Verrucomicrobiae","Verrucomicrobia","PVC group","Bacteria"
"150","201104-4",0.323371891054522,1.78274076647949,-0.861904417008774,-0.236596183580662,1,"Akkermansia_muciniphila_Muc","DSM_22959","Glucose_Mucin","Intermediate","negative","Human","Akkermansia","Akkermansia_muciniphila","Akkermansiaceae","Verrucomicrobiales","Verrucomicrobiae","Verrucomicrobia","PVC group","Bacteria"
"151","201118-1",-0.717583732461878,-0.398197497552457,0.631768192698344,-1.07419630901919,1,"Butyrivibrio_fibrisolvens_D1","DSM_3071","Glucose","Intermediate","positive","Cow","Butyrivibrio","Butyrivibrio_fibrisolvens","Lachnospiraceae","Eubacteriales","Clostridia","Firmicutes","Terrabacteria group","Bacteria"
"152","201118-1",-1.0473914547641,-0.126246760472678,0.631768192698344,-0.794996267206349,1,"Butyrivibrio_fibrisolvens_D1","DSM_3071","Glucose","Intermediate","positive","Cow","Butyrivibrio","Butyrivibrio_fibrisolvens","Lachnospiraceae","Eubacteriales","Clostridia","Firmicutes","Terrabacteria group","Bacteria"
"153","201118-1",-0.954633032866602,-0.232894108347101,0.507295475222751,-0.608862905997787,1,"Butyrivibrio_fibrisolvens_D1","DSM_3071","Glucose","Intermediate","positive","Cow","Butyrivibrio","Butyrivibrio_fibrisolvens","Lachnospiraceae","Eubacteriales","Clostridia","Firmicutes","Terrabacteria group","Bacteria"
"154","201118-1",-0.753656452088683,-0.718139541175725,0.880713627649531,-0.888062947810631,1,"Butyrivibrio_fibrisolvens_D1","DSM_3071","Glucose","Intermediate","positive","Cow","Butyrivibrio","Butyrivibrio_fibrisolvens","Lachnospiraceae","Eubacteriales","Clostridia","Firmicutes","Terrabacteria group","Bacteria"
"155","201118-1",-1.08861742005188,-0.248891210528264,0.631768192698344,-0.701929586602068,1,"Butyrivibrio_fibrisolvens_D1","DSM_3071","Glucose","Intermediate","positive","Cow","Butyrivibrio","Butyrivibrio_fibrisolvens","Lachnospiraceae","Eubacteriales","Clostridia","Firmicutes","Terrabacteria group","Bacteria"
"156","201125-1",0.297605662749661,1.42547215110018,-0.488486264581995,-0.888062947810631,1,"Prevotella_ruminicola","ATCC_19189","Rumen_fluid","Intermediate","negative","Cow","Prevotella","Prevotella_ruminicola","Bacteroidales","Bacteroidia","Bacteroidetes","Bacteroidetes/Chlorobi group","FCB group","Bacteria"
"157","201125-1",-0.155879955415899,1.30282770104459,-0.737431699533181,-0.981129628414912,1,"Prevotella_ruminicola","ATCC_19189","Rumen_fluid","Intermediate","negative","Cow","Prevotella","Prevotella_ruminicola","Bacteroidales","Bacteroidia","Bacteroidetes","Bacteroidetes/Chlorobi group","FCB group","Bacteria"
"158","201125-1",-0.212565657686594,0.822914635609686,-0.488486264581995,-0.981129628414912,1,"Prevotella_ruminicola","ATCC_19189","Rumen_fluid","Intermediate","negative","Cow","Prevotella","Prevotella_ruminicola","Bacteroidales","Bacteroidia","Bacteroidetes","Bacteroidetes/Chlorobi group","FCB group","Bacteria"
"159","201125-1",0.374904347664245,1.51079002939971,-0.488486264581995,-0.888062947810631,1,"Prevotella_ruminicola","ATCC_19189","Rumen_fluid","Intermediate","negative","Cow","Prevotella","Prevotella_ruminicola","Bacteroidales","Bacteroidia","Bacteroidetes","Bacteroidetes/Chlorobi group","FCB group","Bacteria"
"160","201125-1",-0.367163027515763,1.03620933135853,-0.488486264581995,-1.07419630901919,1,"Prevotella_ruminicola","ATCC_19189","Rumen_fluid","Intermediate","negative","Cow","Prevotella","Prevotella_ruminicola","Bacteroidales","Bacteroidia","Bacteroidetes","Bacteroidetes/Chlorobi group","FCB group","Bacteria"
"161","201209-1",-0.243485131652428,-0.120914393078957,-0.115068112155215,0.694070622462151,0,"Bifidobacterium_ruminantium","DSM_6489","Glucose","Intermediate","positive","Cow","Bifidobacterium","Bifidobacterium_ruminantium","Bifidobacteriaceae","Bifidobacteriales","Actinomycetia","Actinobacteria","Terrabacteria group","Bacteria"
"162","201209-1",0.106935573293687,0.412322346293157,0.133877322795972,0.414870580649307,0,"Bifidobacterium_ruminantium","DSM_6489","Glucose","Intermediate","positive","Cow","Bifidobacterium","Bifidobacterium_ruminantium","Bifidobacteriaceae","Bifidobacteriales","Actinomycetia","Actinobacteria","Terrabacteria group","Bacteria"
"163","201209-1",0.225460223496049,0.572293368104792,0.382822757747158,0.880203983670714,0,"Bifidobacterium_ruminantium","DSM_6489","Glucose","Intermediate","positive","Cow","Bifidobacterium","Bifidobacterium_ruminantium","Bifidobacteriaceae","Bifidobacteriales","Actinomycetia","Actinobacteria","Terrabacteria group","Bacteria"
"164","201209-1",-0.176492938059788,-0.222229373559659,-0.115068112155215,0.694070622462151,0,"Bifidobacterium_ruminantium","DSM_6489","Glucose","Intermediate","positive","Cow","Bifidobacterium","Bifidobacterium_ruminantium","Bifidobacteriaceae","Bifidobacteriales","Actinomycetia","Actinobacteria","Terrabacteria group","Bacteria"
"165","201209-1",0.0605563623449361,-0.168905699622447,-0.239540829630808,0.414870580649307,0,"Bifidobacterium_ruminantium","DSM_6489","Glucose","Intermediate","positive","Cow","Bifidobacterium","Bifidobacterium_ruminantium","Bifidobacteriaceae","Bifidobacteriales","Actinomycetia","Actinobacteria","Terrabacteria group","Bacteria"
"166","201209-2",-1.12469013967869,-0.499512478033158,1.62754993250309,1.34553738669212,0,"Lachnospira_multipara_G6","ATCC_19207","Glucose","Intermediate","positive","Cow","Lachnospira","Lachnospira_multipara","Lachnospiraceae","Eubacteriales","Clostridia","Firmicutes","Terrabacteria group","Bacteria"
"167","201209-2",-1.42357838801508,-0.270220680103149,0.756240910173938,0.507937261253589,0,"Lachnospira_multipara_G6","ATCC_19207","Glucose","Intermediate","positive","Cow","Lachnospira","Lachnospira_multipara","Lachnospiraceae","Eubacteriales","Clostridia","Firmicutes","Terrabacteria group","Bacteria"
"168","201209-2",-1.43388487933702,-1.53932411980878,0.880713627649531,0.60100394185787,0,"Lachnospira_multipara_G6","ATCC_19207","Glucose","Intermediate","positive","Cow","Lachnospira","Lachnospira_multipara","Lachnospiraceae","Eubacteriales","Clostridia","Firmicutes","Terrabacteria group","Bacteria"
"169","201209-2",-1.25867452686397,-1.2407115457604,0.382822757747158,0.414870580649307,0,"Lachnospira_multipara_G6","ATCC_19207","Glucose","Intermediate","positive","Cow","Lachnospira","Lachnospira_multipara","Lachnospiraceae","Eubacteriales","Clostridia","Firmicutes","Terrabacteria group","Bacteria"
"170","201209-2",-1.1401498766616,-1.17672313703574,0.507295475222751,0.507937261253589,0,"Lachnospira_multipara_G6","ATCC_19207","Glucose","Intermediate","positive","Cow","Lachnospira","Lachnospira_multipara","Lachnospiraceae","Eubacteriales","Clostridia","Firmicutes","Terrabacteria group","Bacteria"
"171","201209-5",-0.0734280248403432,0.183030548363149,-0.115068112155215,0.507937261253589,0,"Eubacterium_pyruvativorans_KHPC4",NA,"Glucose","Intermediate","positive","Cow","Eubacterium","Eubacterium_pyruvativorans","Eubacteriaceae","Eubacteriales","Clostridia","Firmicutes","Terrabacteria group","Bacteria"
"172","201209-5",-0.532066888666876,0.705602552947821,-0.115068112155215,0.228737219440745,0,"Eubacterium_pyruvativorans_KHPC4",NA,"Glucose","Intermediate","positive","Cow","Eubacterium","Eubacterium_pyruvativorans","Eubacteriaceae","Eubacteriales","Clostridia","Firmicutes","Terrabacteria group","Bacteria"
"173","201209-5",-0.31563057090604,0.876238309546897,0.382822757747158,1.06633734487928,0,"Eubacterium_pyruvativorans_KHPC4",NA,"Glucose","Intermediate","positive","Cow","Eubacterium","Eubacterium_pyruvativorans","Eubacteriaceae","Eubacteriales","Clostridia","Firmicutes","Terrabacteria group","Bacteria"
"174","201209-5",-0.222872149008539,0.577625735498513,-0.115068112155215,0.321803900045026,0,"Eubacterium_pyruvativorans_KHPC4",NA,"Glucose","Intermediate","positive","Cow","Eubacterium","Eubacterium_pyruvativorans","Eubacteriaceae","Eubacteriales","Clostridia","Firmicutes","Terrabacteria group","Bacteria"
"175","201209-5",-0.00643583124770355,0.998882759602483,-0.115068112155215,0.228737219440745,0,"Eubacterium_pyruvativorans_KHPC4",NA,"Glucose","Intermediate","positive","Cow","Eubacterium","Eubacterium_pyruvativorans","Eubacteriaceae","Eubacteriales","Clostridia","Firmicutes","Terrabacteria group","Bacteria"
"176","201211-1",0.967527598676057,0.662943613798051,0.258350040271565,-0.608862905997787,1,"Bacteroides_thetaiotaomicron","DSM_2079","Glucose","Intermediate","negative","Human","Bacteroides","Bacteroides_thetaiotaomicron","Bacteroidales","Bacteroidia","Bacteroidetes","Bacteroidetes/Chlorobi group","FCB group","Bacteria"
"177","201211-1",0.43159004993494,-0.158240964835005,0.133877322795972,-0.515796225393506,1,"Bacteroides_thetaiotaomicron","DSM_2079","Glucose","Intermediate","negative","Human","Bacteroides","Bacteroides_thetaiotaomicron","Bacteroidales","Bacteroidia","Bacteroidetes","Bacteroidetes/Chlorobi group","FCB group","Bacteria"
"178","201211-1",0.663486104678692,-0.056925984354303,-0.488486264581995,-0.701929586602068,1,"Bacteroides_thetaiotaomicron","DSM_2079","Glucose","Intermediate","negative","Human","Bacteroides","Bacteroides_thetaiotaomicron","Bacteroidales","Bacteroidia","Bacteroidetes","Bacteroidetes/Chlorobi group","FCB group","Bacteria"
"179","201211-1",0.957221107354112,-0.440856436702226,0.0094046053203783,-0.794996267206349,1,"Bacteroides_thetaiotaomicron","DSM_2079","Glucose","Intermediate","negative","Human","Bacteroides","Bacteroides_thetaiotaomicron","Bacteroidales","Bacteroidia","Bacteroidetes","Bacteroidetes/Chlorobi group","FCB group","Bacteria"
"180","201211-1",1.13243145982717,-0.0889201887166299,0.631768192698344,-0.608862905997787,1,"Bacteroides_thetaiotaomicron","DSM_2079","Glucose","Intermediate","negative","Human","Bacteroides","Bacteroides_thetaiotaomicron","Bacteroidales","Bacteroidia","Bacteroidetes","Bacteroidetes/Chlorobi group","FCB group","Bacteria"
"181","201216-1",0.168774521225354,0.33233683538734,0.631768192698344,0.694070622462151,0,"Bifidobacterium_adolescentis","DSM_20087","Glucose","Intermediate","positive","Cow","Bifidobacterium","Bifidobacterium_adolescentis","Bifidobacteriaceae","Bifidobacteriales","Actinomycetia","Actinobacteria","Terrabacteria group","Bacteria"
"182","201216-1",0.416130312952023,0.28434552884385,0.258350040271565,0.787137303066432,0,"Bifidobacterium_adolescentis","DSM_20087","Glucose","Intermediate","positive","Cow","Bifidobacterium","Bifidobacterium_adolescentis","Bifidobacteriaceae","Bifidobacteriales","Actinomycetia","Actinobacteria","Terrabacteria group","Bacteria"
"183","201216-1",0.642873122034803,0.98288565742132,0.0094046053203783,0.414870580649307,0,"Bifidobacterium_adolescentis","DSM_20087","Glucose","Intermediate","positive","Cow","Bifidobacterium","Bifidobacterium_adolescentis","Bifidobacteriaceae","Bifidobacteriales","Actinomycetia","Actinobacteria","Terrabacteria group","Bacteria"
"184","201216-1",-0.449614958091319,1.19084798577644,0.133877322795972,0.414870580649307,0,"Bifidobacterium_adolescentis","DSM_20087","Glucose","Intermediate","positive","Cow","Bifidobacterium","Bifidobacterium_adolescentis","Bifidobacteriaceae","Bifidobacteriales","Actinomycetia","Actinobacteria","Terrabacteria group","Bacteria"
"185","201216-1",-0.0373553052135372,0.0177271591577931,-0.364013547106401,0.414870580649307,0,"Bifidobacterium_adolescentis","DSM_20087","Glucose","Intermediate","positive","Cow","Bifidobacterium","Bifidobacterium_adolescentis","Bifidobacteriaceae","Bifidobacteriales","Actinomycetia","Actinobacteria","Terrabacteria group","Bacteria"
"186","201216-2",-1.05769794608605,-0.755466112931773,-0.239540829630808,-0.981129628414912,1,"Butyrivibrio_sp","DSM_10294","Glucose","Intermediate",NA,"Cow","Butyrivibrio","Butyrivibrio_sp","Lachnospiraceae","Eubacteriales","Clostridia","Firmicutes","Terrabacteria group","Bacteria"
"187","201216-2",-0.928866804561741,-0.851448726018754,-0.115068112155215,-0.794996267206349,1,"Butyrivibrio_sp","DSM_10294","Glucose","Intermediate",NA,"Cow","Butyrivibrio","Butyrivibrio_sp","Lachnospiraceae","Eubacteriales","Clostridia","Firmicutes","Terrabacteria group","Bacteria"
"188","201216-2",-0.918560313239796,-0.984757910861782,0.0094046053203783,-0.981129628414912,1,"Butyrivibrio_sp","DSM_10294","Glucose","Intermediate",NA,"Cow","Butyrivibrio","Butyrivibrio_sp","Lachnospiraceae","Eubacteriales","Clostridia","Firmicutes","Terrabacteria group","Bacteria"
"189","201216-2",-1.03708496344216,-0.232894108347101,-0.115068112155215,-1.07419630901919,1,"Butyrivibrio_sp","DSM_10294","Glucose","Intermediate",NA,"Cow","Butyrivibrio","Butyrivibrio_sp","Lachnospiraceae","Eubacteriales","Clostridia","Firmicutes","Terrabacteria group","Bacteria"
"190","201216-2",-0.805188908698406,-0.163573332228726,-0.115068112155215,-1.07419630901919,1,"Butyrivibrio_sp","DSM_10294","Glucose","Intermediate",NA,"Cow","Butyrivibrio","Butyrivibrio_sp","Lachnospiraceae","Eubacteriales","Clostridia","Firmicutes","Terrabacteria group","Bacteria"
"191","201216-3",-0.624825310564377,0.790920431247359,-0.737431699533181,2.09007083152637,0,"Eubacterium_siraeum","DSM_15702","Glucose","Intermediate","positive","Human","Eubacterium","Eubacterium_siraeum","Eubacteriaceae","Eubacteriales","Clostridia","Firmicutes","Terrabacteria group","Bacteria"
"192","201216-3",-0.789729171715489,-0.115582025685236,-0.115068112155215,1.99700415092209,0,"Eubacterium_siraeum","DSM_15702","Glucose","Intermediate","positive","Human","Eubacterium","Eubacterium_siraeum","Eubacteriaceae","Eubacteriales","Clostridia","Firmicutes","Terrabacteria group","Bacteria"
"193","201216-3",0.400670575969107,1.04687406614597,-0.364013547106401,1.71780410910925,0,"Eubacterium_siraeum","DSM_15702","Glucose","Intermediate","positive","Human","Eubacterium","Eubacterium_siraeum","Eubacteriaceae","Eubacteriales","Clostridia","Firmicutes","Terrabacteria group","Bacteria"
"194","201216-3",-0.0373553052135372,0.870905942153176,-0.737431699533181,1.25247070608784,0,"Eubacterium_siraeum","DSM_15702","Glucose","Intermediate","positive","Human","Eubacterium","Eubacterium_siraeum","Eubacteriaceae","Eubacteriales","Clostridia","Firmicutes","Terrabacteria group","Bacteria"
"195","201216-3",-0.197105920703677,1.21750982274505,-0.364013547106401,1.90393747031781,0,"Eubacterium_siraeum","DSM_15702","Glucose","Intermediate","positive","Human","Eubacterium","Eubacterium_siraeum","Eubacteriaceae","Eubacteriales","Clostridia","Firmicutes","Terrabacteria group","Bacteria"
"196","201221-3",-0.459921449413264,-0.0515936169605819,1.25413178007631,-0.608862905997787,1,"Roseburia_inulinivorans","DSM_16841","Glucose","Intermediate","positive","Human","Roseburia","Roseburia_inulinivorans","Lachnospiraceae","Eubacteriales","Clostridia","Firmicutes","Terrabacteria group","Bacteria"
"197","201221-3",-0.289864342601178,-0.398197497552457,-0.239540829630808,-0.888062947810631,1,"Roseburia_inulinivorans","DSM_16841","Glucose","Intermediate","positive","Human","Roseburia","Roseburia_inulinivorans","Lachnospiraceae","Eubacteriales","Clostridia","Firmicutes","Terrabacteria group","Bacteria"
"198","201221-3",-0.408388992803541,-0.318211986646639,0.258350040271565,-0.794996267206349,1,"Roseburia_inulinivorans","DSM_16841","Glucose","Intermediate","positive","Human","Roseburia","Roseburia_inulinivorans","Lachnospiraceae","Eubacteriales","Clostridia","Firmicutes","Terrabacteria group","Bacteria"
"199","201221-3",-0.300170833923123,-0.344873823615245,0.756240910173938,-0.981129628414912,1,"Roseburia_inulinivorans","DSM_16841","Glucose","Intermediate","positive","Human","Roseburia","Roseburia_inulinivorans","Lachnospiraceae","Eubacteriales","Clostridia","Firmicutes","Terrabacteria group","Bacteria"
"200","201221-3",-0.480534432057153,0.273680794056408,0.507295475222751,-0.888062947810631,1,"Roseburia_inulinivorans","DSM_16841","Glucose","Intermediate","positive","Human","Roseburia","Roseburia_inulinivorans","Lachnospiraceae","Eubacteriales","Clostridia","Firmicutes","Terrabacteria group","Bacteria"
"201","201221-4",-0.830955137003267,-1.35802362842226,-0.239540829630808,0.694070622462151,0,"Clostridium_paraputrificum_G594","AGR2156","Glucose","Intermediate","positive","Ruminator, unspecified","Clostridium","Clostridium_paraputrificum","Clostridiaceae","Eubacteriales","Clostridia","Firmicutes","Terrabacteria group","Bacteria"
"202","201221-4",-0.897947330595907,-1.60331252853343,0.880713627649531,0.973270664274995,0,"Clostridium_paraputrificum_G594","AGR2156","Glucose","Intermediate","positive","Ruminator, unspecified","Clostridium","Clostridium_paraputrificum","Clostridiaceae","Eubacteriales","Clostridia","Firmicutes","Terrabacteria group","Bacteria"
"203","201221-4",-0.408388992803541,-1.4433415067218,-0.612958982057588,1.15940402548356,0,"Clostridium_paraputrificum_G594","AGR2156","Glucose","Intermediate","positive","Ruminator, unspecified","Clostridium","Clostridium_paraputrificum","Clostridiaceae","Eubacteriales","Clostridia","Firmicutes","Terrabacteria group","Bacteria"
"204","201221-4",-0.377469518837707,-1.65663620247065,-0.239540829630808,0.787137303066432,0,"Clostridium_paraputrificum_G594","AGR2156","Glucose","Intermediate","positive","Ruminator, unspecified","Clostridium","Clostridium_paraputrificum","Clostridiaceae","Eubacteriales","Clostridia","Firmicutes","Terrabacteria group","Bacteria"
"205","201221-4",-0.568139608293682,-2.0992226961495,-0.737431699533181,0.321803900045026,0,"Clostridium_paraputrificum_G594","AGR2156","Glucose","Intermediate","positive","Ruminator, unspecified","Clostridium","Clostridium_paraputrificum","Clostridiaceae","Eubacteriales","Clostridia","Firmicutes","Terrabacteria group","Bacteria"
"206","210104-1",-0.506300660362014,1.48412819243111,0.880713627649531,1.4386040672964,0,"Kandleria_vitulina","DSM_20405","Glucose","Intermediate","positive","Cow","Kandleria","Kandleria_vitulina","Coprobacillaceae","Erysipelotrichales","Erysipelotrichia","Firmicutes","Terrabacteria group","Bacteria"
"207","210104-1",-0.0940410074842323,-0.392865130158735,0.382822757747158,1.25247070608784,0,"Kandleria_vitulina","DSM_20405","Glucose","Intermediate","positive","Cow","Kandleria","Kandleria_vitulina","Coprobacillaceae","Erysipelotrichales","Erysipelotrichia","Firmicutes","Terrabacteria group","Bacteria"
"208","210104-1",-0.387776010159652,0.694937818160378,0.0094046053203783,1.15940402548356,0,"Kandleria_vitulina","DSM_20405","Glucose","Intermediate","positive","Cow","Kandleria","Kandleria_vitulina","Coprobacillaceae","Erysipelotrichales","Erysipelotrichia","Firmicutes","Terrabacteria group","Bacteria"
"209","210104-1",-0.161033201076871,0.700270185554099,1.00518634512512,1.71780410910925,0,"Kandleria_vitulina","DSM_20405","Glucose","Intermediate","positive","Cow","Kandleria","Kandleria_vitulina","Coprobacillaceae","Erysipelotrichales","Erysipelotrichia","Firmicutes","Terrabacteria group","Bacteria"
"210","210104-1",-0.212565657686594,0.556296265923628,0.880713627649531,1.53167074790068,0,"Kandleria_vitulina","DSM_20405","Glucose","Intermediate","positive","Cow","Kandleria","Kandleria_vitulina","Coprobacillaceae","Erysipelotrichales","Erysipelotrichia","Firmicutes","Terrabacteria group","Bacteria"
"211","211130-1",-0.0373553052135372,0.817582268215965,0.507295475222751,-0.515796225393506,0,"Ruminococcus_bromii_L2-63",NA,"Fructose","Intermediate","positive","Human","Ruminococcus","Ruminococcus_bromii","Oscillospiraceae","Eubacteriales","Clostridia","Firmicutes","Terrabacteria group","Bacteria"
"212","211130-1",-0.60936557358146,1.52145476418716,0.507295475222751,-0.515796225393506,0,"Ruminococcus_bromii_L2-63",NA,"Fructose","Intermediate","positive","Human","Ruminococcus","Ruminococcus_bromii","Oscillospiraceae","Eubacteriales","Clostridia","Firmicutes","Terrabacteria group","Bacteria"
"213","211130-1",-0.367163027515763,1.47879582503739,0.133877322795972,-0.236596183580662,0,"Ruminococcus_bromii_L2-63",NA,"Fructose","Intermediate","positive","Human","Ruminococcus","Ruminococcus_bromii","Oscillospiraceae","Eubacteriales","Clostridia","Firmicutes","Terrabacteria group","Bacteria"
"214","211130-1",-0.0579682878574264,1.08420063790202,0.258350040271565,-0.515796225393506,0,"Ruminococcus_bromii_L2-63",NA,"Fructose","Intermediate","positive","Human","Ruminococcus","Ruminococcus_bromii","Oscillospiraceae","Eubacteriales","Clostridia","Firmicutes","Terrabacteria group","Bacteria"
"215","211130-1",0.20484724085216,1.43613688588762,1.00518634512512,-0.236596183580662,0,"Ruminococcus_bromii_L2-63",NA,"Fructose","Intermediate","positive","Human","Ruminococcus","Ruminococcus_bromii","Oscillospiraceae","Eubacteriales","Clostridia","Firmicutes","Terrabacteria group","Bacteria"
"216","211130-2",0.54496145447633,1.67609341860507,0.258350040271565,-0.422729544789224,0,"Ruminococcus_bromii_L2-63",NA,"Starch","Intermediate","positive","Human","Ruminococcus","Ruminococcus_bromii","Oscillospiraceae","Eubacteriales","Clostridia","Firmicutes","Terrabacteria group","Bacteria"
"217","211130-2",1.39524698853676,1.39347794673785,-0.115068112155215,-0.422729544789224,0,"Ruminococcus_bromii_L2-63",NA,"Starch","Intermediate","positive","Human","Ruminococcus","Ruminococcus_bromii","Oscillospiraceae","Eubacteriales","Clostridia","Firmicutes","Terrabacteria group","Bacteria"
"218","211130-2",0.931454879049251,1.46813109024994,0.258350040271565,-0.14352950297638,0,"Ruminococcus_bromii_L2-63",NA,"Starch","Intermediate","positive","Human","Ruminococcus","Ruminococcus_bromii","Oscillospiraceae","Eubacteriales","Clostridia","Firmicutes","Terrabacteria group","Bacteria"
"219","211130-2",0.967527598676057,1.14285667923295,0.258350040271565,0.135670538836463,0,"Ruminococcus_bromii_L2-63",NA,"Starch","Intermediate","positive","Human","Ruminococcus","Ruminococcus_bromii","Oscillospiraceae","Eubacteriales","Clostridia","Firmicutes","Terrabacteria group","Bacteria"
"220","211130-2",0.879922422439528,1.49479292721855,0.880713627649531,-0.14352950297638,0,"Ruminococcus_bromii_L2-63",NA,"Starch","Intermediate","positive","Human","Ruminococcus","Ruminococcus_bromii","Oscillospiraceae","Eubacteriales","Clostridia","Firmicutes","Terrabacteria group","Bacteria"
"221","211130-3",1.16850417945398,0.630949409435725,0.0094046053203783,-0.236596183580662,0,"Ruminococcus_bromii_L2-63",NA,"Pullulan","Intermediate","positive","Human","Ruminococcus","Ruminococcus_bromii","Oscillospiraceae","Eubacteriales","Clostridia","Firmicutes","Terrabacteria group","Bacteria"
"222","211130-3",1.00360031830286,0.502972591986417,0.258350040271565,-0.422729544789224,0,"Ruminococcus_bromii_L2-63",NA,"Pullulan","Intermediate","positive","Human","Ruminococcus","Ruminococcus_bromii","Oscillospiraceae","Eubacteriales","Clostridia","Firmicutes","Terrabacteria group","Bacteria"
"223","211130-3",0.59134066542508,1.4308045184939,0.631768192698344,-0.515796225393506,0,"Ruminococcus_bromii_L2-63",NA,"Pullulan","Intermediate","positive","Human","Ruminococcus","Ruminococcus_bromii","Oscillospiraceae","Eubacteriales","Clostridia","Firmicutes","Terrabacteria group","Bacteria"
"224","211130-3",0.684099087322582,1.33482190540692,0.507295475222751,-0.422729544789224,0,"Ruminococcus_bromii_L2-63",NA,"Pullulan","Intermediate","positive","Human","Ruminococcus","Ruminococcus_bromii","Oscillospiraceae","Eubacteriales","Clostridia","Firmicutes","Terrabacteria group","Bacteria"
"225","211130-3",1.48285216477328,0.460313652836648,0.258350040271565,-0.236596183580662,0,"Ruminococcus_bromii_L2-63",NA,"Pullulan","Intermediate","positive","Human","Ruminococcus","Ruminococcus_bromii","Oscillospiraceae","Eubacteriales","Clostridia","Firmicutes","Terrabacteria group","Bacteria"
